{"cameraMode":{"drawMode":0,"name":"Shaded","section":"Shading Mode"},"sceneLighting":false,"audioPlay":false,"sceneViewState":{"showFog":true,"showMaterialUpdate":false,"showSkybox":false,"showFlares":true,"showImageEffects":true,"showParticleSystems":true},"in2DMode":false,"pivot":{"x":0.037376999855041507,"y":-0.06450366973876953,"z":8.13713264465332},"rotation":{"x":0.7017829418182373,"y":-0.0010685826418921352,"z":0.0010526742553338409,"w":0.7123897075653076},"size":3.823254346847534,"orthographic":true}